Sample_name,Locus,Hash,nReads
457.2,16S_Prey,be9c3394b1617d1f252b55cfbc5d1bf95701e4cd,6237
457.2,16S_Prey,42737cd65bab38b57ea8949256ab1dbc59f5d054,1888
457.2,16S_Prey,5dd046e872a3d4a2d69e5d74a88f680516715f9f,1974
457.2,16S_Prey,9c9a29499030c39f474ca37c50e7132f298e9958,1132
457.2,16S_Prey,3fd5ca4246dfef9ef69bad738ae0ddb8314904d1,837
457.2,16S_Prey,dcd5c0624182972839c97ca4bb77e8fac0372896,648
457.2,16S_Prey,394941fe61578579e0311cf90225a8cdce9c63c9,450
457.2,16S_Prey,6c4022ae9b62bcdb1da4187ab886923deb6094ed,399
457.2,16S_Prey,39075ddac6ecfe430472244cd76b05210a10a830,377
457.2,16S_Prey,8f90d16a909116e29f8231d217876e1212a29099,356
457.2,16S_Prey,6f82f43f82ba04cad4262f48e69ee29a37a06336,316
457.2,16S_Prey,0bce5bf22016da8e2f70cbe67f1c49045f2347b0,255
457.2,16S_Prey,b31b531666ba08779b9e0b42fd667bec8c5af8f3,162
457.2,16S_Prey,16152a4f1c32cb95cff64bd765c5686da00f9e5b,86
486.1,16S_Prey,09a5cacfcc717ee7b6e818e5f8ae5586dde40e31,1032
486.1,16S_Prey,42737cd65bab38b57ea8949256ab1dbc59f5d054,4761
486.1,16S_Prey,c2c5504fad8054bb4b57e18ae24c1e5267345799,4650
486.1,16S_Prey,5dd046e872a3d4a2d69e5d74a88f680516715f9f,1264
486.1,16S_Prey,5839781ad24e7228fff6b976e4107fad7721f7f7,435
486.1,16S_Prey,2ec4362684c5f3d3dd571290eaea8e8cc668e579,139
988.2,16S_Prey,09a5cacfcc717ee7b6e818e5f8ae5586dde40e31,8883
988.2,16S_Prey,e44557dd4b64b3b1ac387d666b8458e3e9ea1d6c,35
988.2,16S_Prey,c8049f8ff74e387f0186c4a0403c77a9904680ec,25
988.2,16S_Prey,8aedc382342d4072d2c05257c4b9563413351780,25
988.2,16S_Prey,1ddac1a4eeda54b78e32b4de6e0dd073fce333eb,22
988.2,16S_Prey,4faef4ad4fc4c08f4ad7dc08ee343b5cc988557a,20
988.2,16S_Prey,7edc82ae907368e2ba93f8d04552ca58def53f5b,20
988.2,16S_Prey,aeb10d3561ec228c79e70ef53ed17a3303f6b296,7
1209.2,16S_Prey,be9c3394b1617d1f252b55cfbc5d1bf95701e4cd,3400
1209.2,16S_Prey,42737cd65bab38b57ea8949256ab1dbc59f5d054,62
1209.2,16S_Prey,9c9a29499030c39f474ca37c50e7132f298e9958,1778
1209.2,16S_Prey,e51dde639e1fa89c3d7c297fe6102859954d7703,2478
1209.2,16S_Prey,e44557dd4b64b3b1ac387d666b8458e3e9ea1d6c,256
1209.2,16S_Prey,f66dccc9ae763c9c6df28798596d37bb52996a5a,125
1209.2,16S_Prey,74066494c72c1695219c035c049f10e696375826,99
1209.2,16S_Prey,bd0bbc38cf416b4b735302e5edcf455cfac3cd09,42
1209.2,16S_Prey,ddffdd8c09ab1baff6d03a500e0ab282711dc951,36
463.2,16S_Prey,be9c3394b1617d1f252b55cfbc5d1bf95701e4cd,4943
463.2,16S_Prey,09a5cacfcc717ee7b6e818e5f8ae5586dde40e31,2646
463.2,16S_Prey,760fc3cb05911cd49affeee1052ade0166c54bc9,4569
463.2,16S_Prey,b1d9dd165a882c3af917193c4057b7a9bbc2dd77,101
463.2,16S_Prey,14e0b070bad965a8c2fd0b7420477c3fdba695fd,55
779.2,16S_Prey,be9c3394b1617d1f252b55cfbc5d1bf95701e4cd,10930
779.2,16S_Prey,d16946209d740efffdc258091dfdb82a577921e8,232
