Postion,Sample,i7_index,i5_index,Locus,Total_length,Qubit,nM,Vol_to_4nM,moles_in_5ul,H20_to_4nM,Vol_to_pool
A5,1573,SET_B,,16S_Prey,563,2.31,6.21669627,5,31.08348135,2.8,
B5,1574,SET_B,,16S_Prey,563,4.25,11.43764465,5,57.18822326,9.3,
C5,1719,SET_B,,16S_Prey,563,3.85,10.36116045,5,51.80580225,8,
D5,1720,SET_B,,16S_Prey,563,2.02,5.436245223,5,27.18122612,1.8,
E5,1723,SET_B,,16S_Prey,563,0.8,2.152968405,5,10.76484203,-2.3,
F5,1725,SET_B,,16S_Prey,563,3.45,9.284676247,5,46.42338124,6.6,
G5,1745,SET_B,,16S_Prey,563,3.15,8.477313095,5,42.38656548,5.6,
H5,1746,SET_B,,16S_Prey,563,1.12,3.014155767,5,15.07077884,-1.2,
A6,1756,,,16S_Prey,563,1.9,5.113299962,5,25.56649981,1.4,
B6,1769,,,16S_Prey,563,2,5.382421013,5,26.91210506,1.7,
C6,1770,,,16S_Prey,563,6.5,17.49286829,5,87.46434146,16.9,
D6,1779,,,16S_Prey,563,1.9,5.113299962,5,25.56649981,1.4,
E6,1573,,,16S_Prey,563,0.7,1.883847355,5,9.419236773,-2.6,
F6,1574,,,16S_Prey,563,3.1,8.34275257,5,41.71376285,5.4,
G6,1719,,,16S_Prey,563,1.25,3.364013133,5,16.82006567,-0.8,
H6,1720,,,16S_Prey,563,0.8,2.152968405,5,10.76484203,-2.3,
A7,1723,,,16S_Prey,563,1.2,3.229452608,5,16.14726304,-1,
B7,1725,,,16S_Prey,563,2.1,5.651542064,5,28.25771032,2.1,
C7,1745,,,16S_Prey,563,3.35,9.015555197,5,45.07777598,6.3,
D7,1746,,,16S_Prey,563,2.35,6.32434469,5,31.62172345,2.9,
E7,1756,,,16S_Prey,563,1,2.691210506,5,13.45605253,-1.6,
F7,1769,,,16S_Prey,563,2.4,6.458905216,5,32.29452608,3.1,
G7,1770,,,16S_Prey,563,3.6,9.688357823,5,48.44178912,7.1,
H7,1779,,,16S_Prey,563,1.9,5.113299962,5,25.56649981,1.4,
A8,83,,,16S_Prey,563,2.2,5.920663114,5,29.60331557,2.4,
B8,781,,,16S_Prey,563,3,8.073631519,5,40.3681576,5.1,
C8,83,,,16S_Prey,563,2.1,5.651542064,5,28.25771032,2.1,
D8,781,,,16S_Prey,563,2.1,5.651542064,5,28.25771032,2.1,
E8,458,,,16S_Prey,563,1.7,4.575057861,5,22.87528931,0.7,
F8,783,,,16S_Prey,563,3,8.073631519,5,40.3681576,5.1,
G8,784,,,16S_Prey,563,2.6,6.997147317,5,34.98573658,3.7,
H8,849,,,16S_Prey,563,4,10.76484203,5,53.82421013,8.5,
A9,1275,,,16S_Prey,563,0,0,5,0,-5,
B9,1573,,,16S_Prey,563,2.7,7.266268368,5,36.33134184,4.1,
C9,1574,,,16S_Prey,563,1.3,3.498573658,5,17.49286829,-0.6,
D9,986,,,16S_Prey,563,4,10.76484203,5,53.82421013,8.5,
E9,1003,,,16S_Prey,563,5.8,15.60902094,5,78.04510469,14.5,
F9,1005,,,16S_Prey,563,2.5,6.728026266,5,33.64013133,3.4,
G9,1008,,,16S_Prey,563,0,0,5,0,-5,
H9,1205,,,16S_Prey,563,1.8,4.844178912,5,24.22089456,1.1,
A10,1206,,,16S_Prey,563,1.6,4.30593681,5,21.52968405,0.4,
B10,1540,,,16S_Prey,563,0,0,5,0,-5,
C10,1542,,,16S_Prey,563,2,5.382421013,5,26.91210506,1.7,
D10,1547,,,16S_Prey,563,1,2.691210506,5,13.45605253,-1.6,
E10,1548,,,16S_Prey,563,1,2.691210506,5,13.45605253,-1.6,
F10,782,,,16S_Prey,563,1.2,3.229452608,5,16.14726304,-1,
G10,T+,,,16S_Prey,563,4,10.76484203,5,53.82421013,8.5,
H10,T+,,,16S_Prey,563,2.5,6.728026266,5,33.64013133,3.4,
,,SET_B,,,563,,,,,,
,,SET_B,,,563,,,,,,
,,SET_B,,,563,,,,,,
,,SET_B,,,563,,,,,,
,,SET_B,,,563,,,,,,
,,SET_B,,,563,,,,,,
,,SET_B,,,563,,,,,,
,,SET_B,,,563,,,,,,
,,SET_B,,,563,,,,,,
,,SET_B,,,563,,,,,,
,,SET_B,,,563,,,,,,
,,SET_B,,,563,,,,,,
,,SET_B,,,563,,,,,,
,,SET_B,,,563,,,,,,
,,SET_B,,,563,,,,,,
,,SET_B,,,563,,,,,,
,,SET_B,,,563,,,,,,
,,SET_B,,,563,,,,,,
,,SET_B,,,563,,,,,,
,,SET_B,,,563,,,,,,
,,SET_B,,,563,,,,,,
,,SET_B,,,563,,,,,,
,,SET_B,,,563,,,,,,
,,SET_B,,,563,,,,,,
,,,,,563,,,,,,
,,,,,563,,,,,,
,,SET_B,,,563,,,,,,
,,SET_B,,,563,,,,,,